title,title_link,year,authors,author_links
An Extended Plant Circadian Clock Model for Characterising Flowering Time under Different Light Quality Conditions,https://pureportal.coventry.ac.uk/en/publications/an-extended-plant-circadian-clock-model-for-characterising-flower,9 Jan 2023,"pay, m. l., christensen, j., he, f., roden, l., ahmed, h., foo, m.","""https://pureportal.coventry.ac.uk/en/persons/miao-lin-pay"", ""https://pureportal.coventry.ac.uk/en/persons/jesper-christensen"", ""https://pureportal.coventry.ac.uk/en/persons/fei-he"", ""https://pureportal.coventry.ac.uk/en/persons/laura-roden"""
Challenges and prospects of climate change impact assessment on mangrove environments through mathematical models,https://pureportal.coventry.ac.uk/en/publications/challenges-and-prospects-of-climate-change-impact-assessment-on-m,25 Feb 2023,"fanous, m., eden, j., daneshkhah, a., remesan, r.","""https://pureportal.coventry.ac.uk/en/persons/majdi-fanous"", ""https://pureportal.coventry.ac.uk/en/persons/jonathan-eden"", ""https://pureportal.coventry.ac.uk/en/persons/alireza-daneshkhah"""
Diabetic Retinopathy Detection Using Transfer and Reinforcement Learning with Effective Image Preprocessing and Data Augmentation Techniques,https://pureportal.coventry.ac.uk/en/publications/diabetic-retinopathy-detection-using-transfer-and-reinforcement-l,7 Feb 2023,"tariq, m., palade, v., ma, y., altahhan, a.","""https://pureportal.coventry.ac.uk/en/persons/maria-tariq"", ""https://pureportal.coventry.ac.uk/en/persons/vasile-palade"", ""https://pureportal.coventry.ac.uk/en/persons/yingliang-ma"""
Entropybased lamarckian quantumbehaved particle swarm optimization for flexible ligand docking,https://pureportal.coventry.ac.uk/en/publications/entropybased-lamarckian-quantumbehaved-particle-swarm-optimizatio,Mar 2023,"palade, v., you, q., li, c., sun, j., pan, f.","""https://pureportal.coventry.ac.uk/en/persons/vasile-palade"""
Extracting the Evolutionary Backbone of Scientific Domains The Semantic Main Path Network Approach Based on Citation Context Analysis,https://pureportal.coventry.ac.uk/en/publications/extracting-the-evolutionary-backbone-of-scientific-domains-the-se,15 Feb 2023,"jiang, x., liu, j.","""https://pureportal.coventry.ac.uk/en/persons/xiaorui-jiang"""
Gene Regulatory Network Inference through Link Prediction using Graph Neural Network,https://pureportal.coventry.ac.uk/en/publications/gene-regulatory-network-inference-through-link-prediction-using-g,19 Jan 2023,"ganeshamoorthy, s., roden, l., klepl, d., he, f.","""https://pureportal.coventry.ac.uk/en/persons/sivasharmini-ganeshamoorthy"", ""https://pureportal.coventry.ac.uk/en/persons/laura-roden"", ""https://pureportal.coventry.ac.uk/en/persons/dominik-klepl"", ""https://pureportal.coventry.ac.uk/en/persons/fei-he"""
Kernelbased Nonlinear Manifold Learning for EEG Functional Connectivity Analysis with Application to Alzheimers Disease,https://pureportal.coventry.ac.uk/en/publications/kernel-based-nonlinear-manifold-learning-for-eeg-functional-conne,19 Jan 2023,"gunawardena, s. r. a. s., he, f., sarrigiannis, p. g., blackburn, d. j.","""https://pureportal.coventry.ac.uk/en/persons/shenal-rajintha-alexander-samarathunge-gunawardena"", ""https://pureportal.coventry.ac.uk/en/persons/fei-he"""
Not Born of Woman Gendered Robots,https://pureportal.coventry.ac.uk/en/publications/not-born-of-woman-gendered-robots,26 Feb 2023,"shah, h., roberts, f.","""https://pureportal.coventry.ac.uk/en/persons/huma-shah"""
PoseNormNet Identitypreserved Posture Normalization of 3D Body Scans in Arbitrary Postures,https://pureportal.coventry.ac.uk/en/publications/posenormnet-identity-preserved-posture-normalization-of-3d-body-s,16 Feb 2023,"hu, p., zhao, r., dai, x., munteanu, a.","""https://pureportal.coventry.ac.uk/en/persons/pengpeng-hu"""
Unidirectional Migration of Populations with Allee Effect,https://pureportal.coventry.ac.uk/en/publications/unidirectional-migration-of-populations-with-allee-effect,10 Jan 2023,"sadeghimanesh, a., röst, g.","""https://pureportal.coventry.ac.uk/en/persons/amirhosein-sadeghimanesh-sadeghi-manesh"""
XDLL Explained Deep Learning LiDARBased Localization and Mapping Method for SelfDriving Vehicles,https://pureportal.coventry.ac.uk/en/publications/xdll-explained-deep-learning-lidar-based-localization-and-mapping,22 Jan 2023,"palade, v., charroud, a., el moutaouakil, k. e., yahyaouy, a.","""https://pureportal.coventry.ac.uk/en/persons/vasile-palade"""
A community energy management system for smart microgrids,https://pureportal.coventry.ac.uk/en/publications/a-community-energy-management-system-for-smart-microgrids,Aug 2022,"nixon, j. d., gaura, e., halford, a., verba, n., dias, l. a.","""https://pureportal.coventry.ac.uk/en/persons/jonathan-nixon"", ""https://pureportal.coventry.ac.uk/en/persons/elena-gaura"", ""https://pureportal.coventry.ac.uk/en/persons/alison-halford"""
A Hybrid Linear Iterative Clustering and Bayes ClassificationBased GrabCut Segmentation Scheme for Dynamic Detection of Cervical Cancer,https://pureportal.coventry.ac.uk/en/publications/a-hybrid-linear-iterative-clustering-and-bayes-classification-bas,18 Oct 2022,"palade, v., magaraja, a. d., rajapackiyam, e., kanagaraj, v., kanagaraj, s. j., kotecha, k., vairavasundaram, s., mehta, m.","""https://pureportal.coventry.ac.uk/en/persons/vasile-palade"""
Allocating Medical Resources vaccine to Control a Pandemic,https://pureportal.coventry.ac.uk/en/publications/allocating-medical-resources-vaccine-to-control-a-pandemic,26 Apr 2022,"ajao-olarinoye, m.","""https://pureportal.coventry.ac.uk/en/persons/michael-ajao-olarinoye"""
An AgentBased Optimisation Approach for Vehicle Routing Problem with Unique Vehicle Location and Depot,https://pureportal.coventry.ac.uk/en/publications/an-agent-based-optimisation-approach-for-vehicle-routing-problem-,15 Apr 2022,"al bazi, a., palade, v., abu-monshar, a.","""https://pureportal.coventry.ac.uk/en/persons/ammar-al-bazi"", ""https://pureportal.coventry.ac.uk/en/persons/vasile-palade"""
An Effective Swarm Intelligence Optimization Algorithm for Flexible Ligand Docking,https://pureportal.coventry.ac.uk/en/publications/an-effective-swarm-intelligence-optimization-algorithm-for-flexib,1 Sep 2022,"palade, v., li, c., sun, j., li, l-w., wu, x.","""https://pureportal.coventry.ac.uk/en/persons/vasile-palade"""
An improved Gaussian distribution based quantumbehaved particle swarm optimization algorithm for engineering shape design problems,https://pureportal.coventry.ac.uk/en/publications/an-improved-gaussian-distribution-based-quantum-behaved-particle-,4 May 2022,"palade, v., chen, q., sun, j., wu, x., shi, x.","""https://pureportal.coventry.ac.uk/en/persons/vasile-palade"""
An integrated framework for diagnosing process faults with incomplete features,https://pureportal.coventry.ac.uk/en/publications/an-integrated-framework-for-diagnosing-process-faults-with-incomp,Jan 2022,"palade, v., razavi-far, r., saif, m., chakrabarti, s.","""https://pureportal.coventry.ac.uk/en/persons/vasile-palade"""
An SMT solver for nonlinear real arithmetic inside maple,https://pureportal.coventry.ac.uk/en/publications/an-smt-solver-for-non-linear-real-arithmetic-inside-maple-2,23 Nov 2022,"sadeghimanesh, a., england, m.","""https://pureportal.coventry.ac.uk/en/persons/amirhosein-sadeghimanesh-sadeghi-manesh"", ""https://pureportal.coventry.ac.uk/en/persons/matthew-england"""
An SMT solver for nonlinear real arithmetic inside Maple,https://pureportal.coventry.ac.uk/en/publications/an-smt-solver-for-non-linear-real-arithmetic-inside-maple,6 Jul 2022,"sadeghimanesh, a., england, m.","""https://pureportal.coventry.ac.uk/en/persons/amirhosein-sadeghimanesh-sadeghi-manesh"", ""https://pureportal.coventry.ac.uk/en/persons/matthew-england"""
Artificial Intelligence in Cars How Close Yet Far Are We from Fully Autonomous Vehicles,https://pureportal.coventry.ac.uk/en/publications/artificial-intelligence-in-cars-how-close-yet-far-are-we-from-ful,3 May 2022,"palade, v., deo, a.","""https://pureportal.coventry.ac.uk/en/persons/vasile-palade"", ""https://pureportal.coventry.ac.uk/en/persons/ankur-deo"""
Assessing Risks in Dairy Supply Chain Systems A System Dynamics Approach,https://pureportal.coventry.ac.uk/en/publications/assessing-risks-in-dairy-supply-chain-systems-a-system-dynamics-a,4 Aug 2022,"azizsafaei, m., daneshkhah, a., hosseinian-far, a., khandan, r., sarwar, d.","""https://pureportal.coventry.ac.uk/en/persons/maryam-azizsafaei"", ""https://pureportal.coventry.ac.uk/en/persons/alireza-daneshkhah"""
Bispectrumbased Crossfrequency Functional Connectivity Classification of Alzheimers disease,https://pureportal.coventry.ac.uk/en/publications/bispectrum-based-cross-frequency-functional-connectivity-classifi,8 Sep 2022,"klepl, d., he, f., wu, m., blackburn, d. j., sarrigiannis, p. g.","""https://pureportal.coventry.ac.uk/en/persons/dominik-klepl"", ""https://pureportal.coventry.ac.uk/en/persons/fei-he"""
Brain Tumor Classification Using a Combination of Variational Autoencoders and Generative Adversarial Networks,https://pureportal.coventry.ac.uk/en/publications/brain-tumor-classification-using-a-combination-of-variational-aut,21 Jan 2022,"palade, v., ahmad, b., sun, j., you, q., mao, z.","""https://pureportal.coventry.ac.uk/en/persons/vasile-palade"""
Cell site analysis Changes to networks with time,https://pureportal.coventry.ac.uk/en/publications/cell-site-analysis-changes-to-networks-with-time,May 2022,"tart, m. s.","""https://pureportal.coventry.ac.uk/en/persons/matthew-stephen-tart"""
Characterising Alzheimers Disease with EEGbased Energy Landscape Analysis,https://pureportal.coventry.ac.uk/en/publications/characterising-alzheimers-disease-with-eeg-based-energy-landscape-2,1 Mar 2022,"klepl, d., he, f., wu, m., de marco, m., blackburn, d., sarrigiannis, p. g.","""https://pureportal.coventry.ac.uk/en/persons/dominik-klepl"", ""https://pureportal.coventry.ac.uk/en/persons/fei-he"""
Clogs and Shawls Mormons Moorlands and the Search for Zion,https://pureportal.coventry.ac.uk/en/publications/clogs-and-shawls-mormons-moorlands-and-the-search-for-zion,31 Jan 2022,"halford, a.","""https://pureportal.coventry.ac.uk/en/persons/alison-halford"""
Comparative Graphbased Summarization of Scientific Papers Guided by Comparative Citations,https://pureportal.coventry.ac.uk/en/publications/comparative-graph-based-summarization-of-scientific-papers-guided,Oct 2022,"jiang, x., chen, j., cai, c., chen, k.","""https://pureportal.coventry.ac.uk/en/persons/xiaorui-jiang"""
Comparing the Behaviour of Two TopicModelling Algorithms in COVID19 Vaccination Tweets,https://pureportal.coventry.ac.uk/en/publications/comparing-the-behaviour-of-two-topic-modelling-algorithms-in-covi,Jan 2022,"daneshkhah, a., bignell, j. t., chantziplakis, g.","""https://pureportal.coventry.ac.uk/en/persons/alireza-daneshkhah"""
Contextualised SegmentWise Citation Function Classification,https://pureportal.coventry.ac.uk/en/publications/contextualised-segment-wise-citation-function-classification,2022,"jiang, x., chen, j.","""https://pureportal.coventry.ac.uk/en/persons/xiaorui-jiang"""
Convolution neural networks for pothole detection of critical road infrastructure,https://pureportal.coventry.ac.uk/en/publications/convolution-neural-networks-for-pothole-detection-of-critical-roa,Apr 2022,"pandey, a. k., palade, v., iqbal, r., maniak, t., karyotis, c., akuma, s.","""https://pureportal.coventry.ac.uk/en/persons/anup-pandey-2"", ""https://pureportal.coventry.ac.uk/en/persons/vasile-palade"""
Datadriven dynamical modelling of a pathogeninfected plant gene regulatory network A comparative analysis,https://pureportal.coventry.ac.uk/en/publications/data-driven-dynamical-modelling-of-a-pathogen-infected-plant-gene,Sep 2022,"he, f., foo, m., dony, l.","""https://pureportal.coventry.ac.uk/en/persons/fei-he"""
Detection of sleep apnea using Machine learning algorithms based on ECG Signals A comprehensive systematic review,https://pureportal.coventry.ac.uk/en/publications/detection-of-sleep-apnea-using-machine-learning-algorithms-based-,Jan 2022,"daneshkhah, a., salari, n., hosseinian-far, a., mohammadi, m., ghasemi, h.","""https://pureportal.coventry.ac.uk/en/persons/alireza-daneshkhah"""
Differential radial basis function network for sequence modelling,https://pureportal.coventry.ac.uk/en/publications/differential-radial-basis-function-network-for-sequence-modelling,1 Mar 2022,"brusey, j., gaura, e., gyamfi, k. s.","""https://pureportal.coventry.ac.uk/en/persons/james-brusey"", ""https://pureportal.coventry.ac.uk/en/persons/elena-gaura"""
EdgeEnhancement DenseNet for Xray Fluoroscopy Image Denoising in Cardiac Electrophysiology Procedures,https://pureportal.coventry.ac.uk/en/publications/edge-enhancement-densenet-for-x-ray-fluoroscopy-image-denoising-i,Feb 2022,"ma, y., luo, y., brien, h. o., jiang, k., rhode, k.","""https://pureportal.coventry.ac.uk/en/persons/yingliang-ma"""
EEGbased Graph Neural Network Classification of Alzheimers Disease An Empirical Evaluation of Functional Connectivity Methods,https://pureportal.coventry.ac.uk/en/publications/eeg-based-graph-neural-network-classification-of-alzheimers-disea,6 Sep 2022,"klepl, d., he, f., wu, m., blackburn, d. j., sarrigiannis, p.","""https://pureportal.coventry.ac.uk/en/persons/dominik-klepl"", ""https://pureportal.coventry.ac.uk/en/persons/fei-he"""
Efficacy of COVID19 vaccines by race and ethnicity,https://pureportal.coventry.ac.uk/en/publications/efficacy-of-covid-19-vaccines-by-race-and-ethnicity,5 May 2022,"daneshkhah, a., salari, n., vepa, a., darvishi, n., ghasemi, h., khunti, k., mohammadi, m.","""https://pureportal.coventry.ac.uk/en/persons/alireza-daneshkhah"""
Examining Type 1 Diabetes Mathematical Models Using Experimental Data,https://pureportal.coventry.ac.uk/en/publications/examining-type-1-diabetes-mathematical-models-using-experimental-,10 Jan 2022,"daneshkhah, a., al ali, h., boutayeb, a., mukandavire, z.","""https://pureportal.coventry.ac.uk/en/persons/alireza-daneshkhah"""
Exploiting Domain Structures in Heuristic Algorithms for the Set Covering Problem A Literature Review,https://pureportal.coventry.ac.uk/en/publications/exploiting-domain-structures-in-heuristic-algorithms-for-the-set-,1 Apr 2022,"babatunde, a.","""https://pureportal.coventry.ac.uk/en/persons/abiola-babatunde"""
Exploring dynamical properties of a Type 1 diabetes model using sensitivity approaches,https://pureportal.coventry.ac.uk/en/publications/exploring-dynamical-properties-of-a-type-1-diabetes-model-using-s,Nov 2022,"daneshkhah, a., al ali, h., boutayeb, a., malunguza, n. j., mukandavire, z.","""https://pureportal.coventry.ac.uk/en/persons/alireza-daneshkhah"""
Fast detailed accurate simulation of a thermal carcabin using machinelearning,https://pureportal.coventry.ac.uk/en/publications/fast-detailed-accurate-simulation-of-a-thermal-car-cabin-using-ma,10 Mar 2022,"jess, b. j., brusey, j., gaura, e., rostagno, m. m., merlo, a. m., gyamfi, k. s.","""https://pureportal.coventry.ac.uk/en/persons/brandi-jo-jess"", ""https://pureportal.coventry.ac.uk/en/persons/james-brusey"", ""https://pureportal.coventry.ac.uk/en/persons/elena-gaura"""
Feedback and Engagement on an Introductory Programming Module,https://pureportal.coventry.ac.uk/en/publications/feedback-and-engagement-on-an-introductory-programming-module,6 Jan 2022,"grawemeyer, b., halloran, j., england, m., croft, d.","""https://pureportal.coventry.ac.uk/en/persons/beate-grawemeyer"", ""https://pureportal.coventry.ac.uk/en/persons/john-halloran"", ""https://pureportal.coventry.ac.uk/en/persons/matthew-england"""
Framework for Generating Integrable Expressions,https://pureportal.coventry.ac.uk/en/publications/framework-for-generating-integrable-expressions,2 Nov 2022,"barket, r.","""https://pureportal.coventry.ac.uk/en/persons/rashid-barket"""
From Theory to Practice A review of codesign methods for humanitarian energy ecosystems,https://pureportal.coventry.ac.uk/en/publications/from-theory-to-practice-a-review-of-co-design-methods-for-humanit,Jul 2022,"halford, a., gaura, e., robinson, b. l.","""https://pureportal.coventry.ac.uk/en/persons/alison-halford"", ""https://pureportal.coventry.ac.uk/en/persons/elena-gaura"""
Gaussian Process Emulation of Spatiotemporal Outputs of a 2D Inland Flood Model,https://pureportal.coventry.ac.uk/en/publications/gaussian-process-emulation-of-spatio-temporal-outputs-of-a-2d-inl,15 Oct 2022,"donnelly, j., chatrabgoun, o., daneshkhah, a., abolfathi, s., pearson, j.","""https://pureportal.coventry.ac.uk/en/persons/james-donnelly"", ""https://pureportal.coventry.ac.uk/en/persons/omid-chatrabgoun"", ""https://pureportal.coventry.ac.uk/en/persons/alireza-daneshkhah"""
Incorporating forecasting and peertopeer negotiation frameworks into a distributed model predictive control approach for meshed electric networks,https://pureportal.coventry.ac.uk/en/publications/incorporating-forecasting-and-peer-to-peer-negotiation-frameworks,1 Sep 2022,"gaura, e., baldivieso monasterios, p. r., verba, n., morris, e., morstyn, t., konstantopoulos, g., mcarthur, s.","""https://pureportal.coventry.ac.uk/en/persons/elena-gaura"""
KacRice formulas and the number of solutions of parametrized systems of polynomial equations,https://pureportal.coventry.ac.uk/en/publications/kac-rice-formulas-and-the-number-of-solutions-of-parametrized-sys,11 Aug 2022,"sadeghimanesh, a., feliu, e.","""https://pureportal.coventry.ac.uk/en/persons/amirhosein-sadeghimanesh-sadeghi-manesh"""
Levelwise construction of a single cylindrical algebraic cell,https://pureportal.coventry.ac.uk/en/publications/levelwise-construction-of-a-single-cylindrical-algebraic-cell,25 Nov 2022,"england, m., nalbach, j., abraham, e., specht, p., brown, c., davenport, j. h.","""https://pureportal.coventry.ac.uk/en/persons/matthew-england"""
Leveraging Arabic sentiment classification using an enhanced CNNLSTM approach and effective Arabic text preparation,https://pureportal.coventry.ac.uk/en/publications/leveraging-arabic-sentiment-classification-using-an-enhanced-cnn-,Nov 2022,"palade, v., alayba, a. m.","""https://pureportal.coventry.ac.uk/en/persons/vasile-palade"""
LIFT lncRNA identification and functionprediction tool,https://pureportal.coventry.ac.uk/en/publications/lift-lncrna-identification-and-function-prediction-tool,17 Jan 2022,"shuttleworth, j., england, m., deshpande, s., yang, j., taramonli, s.","""https://pureportal.coventry.ac.uk/en/persons/james-shuttleworth"", ""https://pureportal.coventry.ac.uk/en/persons/matthew-england"""
Machine Learning for Computer Algebra,https://pureportal.coventry.ac.uk/en/publications/machine-learning-for-computer-algebra,2022,"barket, r., del río, t., england, m.","""https://pureportal.coventry.ac.uk/en/persons/rashid-barket"", ""https://pureportal.coventry.ac.uk/en/persons/tereso-del-r%C3%ADo-almajano"", ""https://pureportal.coventry.ac.uk/en/persons/matthew-england"""
Markov Chain Monte CarloBased Estimation of StressStrength Reliability Parameter for Generalized Linear Failure Rate Distributions,https://pureportal.coventry.ac.uk/en/publications/markov-chain-monte-carlo-based-estimation-of-stressstrength-relia,2022,"daneshkhah, a., shahsanaei, f.","""https://pureportal.coventry.ac.uk/en/persons/alireza-daneshkhah"""
Matrix decomposition by transforming the unit sphere to an Ellipsoid through Dilation Rotation and Shearing,https://pureportal.coventry.ac.uk/en/publications/matrix-decomposition-by-transforming-the-unit-sphere-to-an-ellips,19 Oct 2022,"sadeghimanesh, a., yang, w-c.","""https://pureportal.coventry.ac.uk/en/persons/amirhosein-sadeghimanesh-sadeghi-manesh"""
Minimizing Age of Information in Multihop EnergyHarvesting Wireless Sensor Network,https://pureportal.coventry.ac.uk/en/publications/minimizing-age-of-information-in-multi-hop-energy-harvesting-wire,9 Aug 2022,"benkhelifa, f., chen, k., gao, h., mccann, j., li, j.","""https://pureportal.coventry.ac.uk/en/persons/fatma-benkhelifa"""
Monte Carlo Simulation of Stochastic Differential Equation to Study Information Geometry,https://pureportal.coventry.ac.uk/en/publications/monte-carlo-simulation-of-stochastic-differential-equation-to-stu,12 Aug 2022,"thiruthummal, a. a., kim, e.","""https://pureportal.coventry.ac.uk/en/persons/abhiram-thiruthummal"", ""https://pureportal.coventry.ac.uk/en/persons/e-j-kim"""
More than faith  Muslimheritage children in care Strategic Briefing,https://pureportal.coventry.ac.uk/en/publications/more-than-faith-muslim-heritage-children-in-care-strategic-briefi,31 May 2022,"halford, a., cheruvallil-contractor, s.","""https://pureportal.coventry.ac.uk/en/persons/alison-halford"", ""https://pureportal.coventry.ac.uk/en/persons/sariya-cheruvallil-contractor"""
Multiphase locking value A generalized method for determining instantaneous multifrequency phase coupling,https://pureportal.coventry.ac.uk/en/publications/multi-phase-locking-value-a-generalized-method-for-determining-in-2,Apr 2022,"he, f., vasudeva, b., tian, r., wu, d. h., james, s. a., refai, h. h., ding, l., yang, y.","""https://pureportal.coventry.ac.uk/en/persons/fei-he"""
New heuristic to choose a cylindrical algebraic decomposition variable ordering motivated by complexity analysis,https://pureportal.coventry.ac.uk/en/publications/new-heuristic-to-choose-a-cylindrical-algebraic-decomposition-var,11 Aug 2022,"del río, t., england, m.","""https://pureportal.coventry.ac.uk/en/persons/tereso-del-r%C3%ADo-almajano"", ""https://pureportal.coventry.ac.uk/en/persons/matthew-england"""
Off the boil The challenges of monitoring cooking behaviour in refugee settlements,https://pureportal.coventry.ac.uk/en/publications/off-the-boil-the-challenges-of-monitoring-cooking-behaviour-in-re,22 Aug 2022,"halford, a., gaura, e., brusey, j., nixon, j., bhargava, k., verba, n.","""https://pureportal.coventry.ac.uk/en/persons/alison-halford"", ""https://pureportal.coventry.ac.uk/en/persons/elena-gaura"", ""https://pureportal.coventry.ac.uk/en/persons/james-brusey"", ""https://pureportal.coventry.ac.uk/en/persons/jonathan-nixon"""
On the impact of prior distributions on efficiency of sparse Gaussian process regression,https://pureportal.coventry.ac.uk/en/publications/on-the-impact-of-prior-distributions-on-efficiency-of-sparse-gaus,26 Jun 2022,"chatrabgoun, o., daneshkhah, a., esmaeilbeigi, m., shafa, m.","""https://pureportal.coventry.ac.uk/en/persons/omid-chatrabgoun"", ""https://pureportal.coventry.ac.uk/en/persons/alireza-daneshkhah"""
On the Implementation of Cylindrical Algebraic Coverings for Satisfiability Modulo Theories Solving,https://pureportal.coventry.ac.uk/en/publications/on-the-implementation-of-cylindrical-algebraic-coverings-for-sati,10 Feb 2022,"england, m., kremer, g., abraham, e., davenport, j. h.","""https://pureportal.coventry.ac.uk/en/persons/matthew-england"""
On the Scalability of DutyCycled LoRa Networks with Imperfect SF Orthogonality,https://pureportal.coventry.ac.uk/en/publications/on-the-scalability-of-duty-cycled-lora-networks-with-imperfect-sf,1 Nov 2022,"benkhelifa, f., bouazizi, y., elsawy, h., mccann, j. a.","""https://pureportal.coventry.ac.uk/en/persons/fatma-benkhelifa"""
Parallel multiswarm cooperative particle swarm optimization for proteinligand docking and virtual screening,https://pureportal.coventry.ac.uk/en/publications/parallel-multi-swarm-cooperative-particle-swarm-optimization-for-,30 May 2022,"palade, v., li, c., li, j., sun, j., mao, l., ahmad, b.","""https://pureportal.coventry.ac.uk/en/persons/vasile-palade"""
Parts of Speech Tagging in NLP an Investigation on Runtime Optimization with Quantum Formulation and ZX Calculus,https://pureportal.coventry.ac.uk/en/publications/parts-of-speech-tagging-in-nlp-an-investigation-on-runtime-optimi,10 Mar 2022,"palade, v., bishwas, a. k., mani, a.","""https://pureportal.coventry.ac.uk/en/persons/vasile-palade"""
Polynomial Superlevel Set Representation of the Multistationarity Region of Chemical Reaction Networks,https://pureportal.coventry.ac.uk/en/publications/polynomial-superlevel-set-representation-of-the-multistationarity,27 Sep 2022,"sadeghimanesh, a., england, m.","""https://pureportal.coventry.ac.uk/en/persons/amirhosein-sadeghimanesh-sadeghi-manesh"", ""https://pureportal.coventry.ac.uk/en/persons/matthew-england"""
Predicting Primary SequenceBased ProteinProtein Interactions Using a Mercer Series Representation of Nonlinear Support Vector Machine,https://pureportal.coventry.ac.uk/en/publications/predicting-primary-sequence-based-protein-protein-interactions-us,1 Dec 2022,"chatrabgoun, o., daneshkhah, a., esmaeilbeigi, m., sohrabi safa, n., h. alenezi, a., rahman, a.","""https://pureportal.coventry.ac.uk/en/persons/omid-chatrabgoun"", ""https://pureportal.coventry.ac.uk/en/persons/alireza-daneshkhah"""
Predicting the Public Adoption of Connected and Autonomous Vehicles,https://pureportal.coventry.ac.uk/en/publications/predicting-the-public-adoption-of-connected-and-autonomous-vehicl,1 Feb 2022,"ahmed, m. l., palade, v., iqbal, r., karyotis, c., amin, s. a.","""https://pureportal.coventry.ac.uk/en/persons/mohammed-ahmed"", ""https://pureportal.coventry.ac.uk/en/persons/vasile-palade"""
Privacy Enhancing Technologies PETs for Connected Vehicles in Smart Cities,https://pureportal.coventry.ac.uk/en/publications/privacy-enhancing-technologies-pets-for-connected-vehicles-in-sma,Oct 2022,"mitchell, f., sohrabi safa, n., maple, c., azad, m. a.","""https://pureportal.coventry.ac.uk/en/persons/faye-mitchell"""
Rapid Localization and Mapping Method Based on Adaptive Particle Filters,https://pureportal.coventry.ac.uk/en/publications/rapid-localization-and-mapping-method-based-on-adaptive-particle-,2 Dec 2022,"palade, v., charroud, a., el moutaouakil, k., yahyaouy, a., onyekpe, u., huda, m. n.","""https://pureportal.coventry.ac.uk/en/persons/vasile-palade"""
RDPSOVina the random drift particle swarm optimization for proteinligand docking,https://pureportal.coventry.ac.uk/en/publications/rdpsovina-the-random-drift-particle-swarm-optimization-for-protei,Jun 2022,"palade, v., li, j., li, c., sun, j.","""https://pureportal.coventry.ac.uk/en/persons/vasile-palade"""
Resilient Consensus Control Design for DC Microgrids against False Data Injection Attacks Using a Distributed Bank of Sliding Mode Observers,https://pureportal.coventry.ac.uk/en/publications/resilient-consensus-control-design-for-dc-microgrids-against-fals,30 Mar 2022,"palade, v., barzegari, y., zarei, j., razavi-far, r., saif, m.","""https://pureportal.coventry.ac.uk/en/persons/vasile-palade"""
Saving Research Budgets by Improving Algebraic Tools for the Study of Population Dynamics,https://pureportal.coventry.ac.uk/en/publications/saving-research-budgets-by-improving-algebraic-tools-for-the-stud,7 Mar 2022,"sadeghimanesh, a.","""https://pureportal.coventry.ac.uk/en/persons/amirhosein-sadeghimanesh-sadeghi-manesh"""
SCSquare Future Progress with Machine Learning,https://pureportal.coventry.ac.uk/en/publications/sc-square-future-progress-with-machine-learning,14 Nov 2022,"england, m.","""https://pureportal.coventry.ac.uk/en/persons/matthew-england"""
SCSquare Overview to 2021,https://pureportal.coventry.ac.uk/en/publications/sc-square-overview-to-2021,14 Nov 2022,"england, m.","""https://pureportal.coventry.ac.uk/en/persons/matthew-england"""
Stable likelihood computation for machine learning of linear differential operators with Gaussian processes,https://pureportal.coventry.ac.uk/en/publications/stable-likelihood-computation-for-machine-learning-of-linear-diff,20 Apr 2022,"chatrabgoun, o., daneshkhah, a., esmaeilbeigi, m., cheraghi, m.","""https://pureportal.coventry.ac.uk/en/persons/omid-chatrabgoun"", ""https://pureportal.coventry.ac.uk/en/persons/alireza-daneshkhah"""
Switching Trackers for Effective Sensor Fusion in Advanced Driver Assistance Systems,https://pureportal.coventry.ac.uk/en/publications/switching-trackers-for-effective-sensor-fusion-in-advanced-driver,3 Nov 2022,"deo, a., palade, v.","""https://pureportal.coventry.ac.uk/en/persons/ankur-deo"", ""https://pureportal.coventry.ac.uk/en/persons/vasile-palade"""
The benefits of clustering in cylindrical algebraic decomposition,https://pureportal.coventry.ac.uk/en/publications/the-benefits-of-clustering-in-cylindrical-algebraic-decomposition,2022,"del río, t., england, m.","""https://pureportal.coventry.ac.uk/en/persons/tereso-del-r%C3%ADo-almajano"", ""https://pureportal.coventry.ac.uk/en/persons/matthew-england"""
The politics of Matching Ethnicity Religion and Muslimheritage Children in Care in the UK,https://pureportal.coventry.ac.uk/en/publications/the-politics-of-matching-ethnicity-religion-and-muslim-heritage-c,1 Dec 2022,"cheruvallil-contractor, s., halford, a., boti phiri, m. j.","""https://pureportal.coventry.ac.uk/en/persons/sariya-cheruvallil-contractor"", ""https://pureportal.coventry.ac.uk/en/persons/alison-halford"""
The practice of AI and ethics in energy transition futures,https://pureportal.coventry.ac.uk/en/publications/the-practice-of-ai-and-ethics-in-energy-transition-futures,4 Jul 2022,"stamp, k., halford, a., gaura, e., morris, e.","""https://pureportal.coventry.ac.uk/en/persons/kathryn-stamp"", ""https://pureportal.coventry.ac.uk/en/persons/alison-halford"", ""https://pureportal.coventry.ac.uk/en/persons/elena-gaura"""
Transfer Learning based Classification of Diabetic Retinopathy on the Kaggle EyePACS dataset,https://pureportal.coventry.ac.uk/en/publications/transfer-learning-based-classification-of-diabetic-retinopathy-on,15 Nov 2022,"tariq, m., palade, v., ma, y.","""https://pureportal.coventry.ac.uk/en/persons/maria-tariq"", ""https://pureportal.coventry.ac.uk/en/persons/vasile-palade"", ""https://pureportal.coventry.ac.uk/en/persons/yingliang-ma"""
Trustworthiness of systematic review automation An Interview at Coventry University,https://pureportal.coventry.ac.uk/en/publications/trustworthiness-of-systematic-review-automation-an-interview-at-c,2022,"jiang, x.","""https://pureportal.coventry.ac.uk/en/persons/xiaorui-jiang"""
Using Machine Learning for Anomaly Detection on a SystemonChip under Gamma Radiation,https://pureportal.coventry.ac.uk/en/publications/using-machine-learning-for-anomaly-detection-on-a-system-on-chip--2,Nov 2022,"kasap, s., wächter, e. w., kolozali, ş., zhai, x., ehsan, s., mcdonald-maier, k. d.","""https://pureportal.coventry.ac.uk/en/persons/server-kasap"""
Using Machine Learning for Anomaly Detection on a SystemonChip under Gamma Radiation,https://pureportal.coventry.ac.uk/en/publications/using-machine-learning-for-anomaly-detection-on-a-system-on-chip-,5 Jan 2022,"kasap, s., wachter, e. w., kolozali, s., zhai, x., ehsan, s., mcdonald-maier, k.","""https://pureportal.coventry.ac.uk/en/persons/server-kasap"""
Using Machine Learning in SC2,https://pureportal.coventry.ac.uk/en/publications/using-machine-learning-in-sc2,23 Aug 2022,"del río, t.","""https://pureportal.coventry.ac.uk/en/persons/tereso-del-r%C3%ADo-almajano"""
Using multiobjective optimisation with ADM1 and measured data to improve the performance of an existing anaerobic digestion system,https://pureportal.coventry.ac.uk/en/publications/using-multi-objective-optimisation-with-adm1-and-measured-data-to,Aug 2022,"ashraf, r. j., nixon, j. d., brusey, j.","""https://pureportal.coventry.ac.uk/en/persons/rjaa-jawad-ashraf"", ""https://pureportal.coventry.ac.uk/en/persons/jonathan-nixon"", ""https://pureportal.coventry.ac.uk/en/persons/james-brusey"""
Using Physicsinformed Neural Networks to Model the Hydromorphodynamics of Mangrove Environments,https://pureportal.coventry.ac.uk/en/publications/using-physics-informed-neural-networks-to-model-the-hydro-morphod,9 Dec 2022,"fanous, m.","""https://pureportal.coventry.ac.uk/en/persons/majdi-fanous"""
Word representation using refined contexts,https://pureportal.coventry.ac.uk/en/publications/word-representation-using-refined-contexts,Sep 2022,"palade, v., zhang, m., wang, y., ji, z.","""https://pureportal.coventry.ac.uk/en/persons/vasile-palade"""
Access Point Selection Strategies for Indoor 5G MillimeterWave Distributed Antenna Systems,https://pureportal.coventry.ac.uk/en/publications/access-point-selection-strategies-for-indoor-5g-millimeter-wave-d,27 Apr 2021,"yoo, s. k., zhang, l., cotton, s., fernandez, m., scanlon, w.","""https://pureportal.coventry.ac.uk/en/persons/seongki-yoo"""
Adversarial Learning on Incomplete and Imbalanced Medical Data for Robust Survival Prediction of Liver Transplant Patients,https://pureportal.coventry.ac.uk/en/publications/adversarial-learning-on-incomplete-and-imbalanced-medical-data-fo,24 May 2021,"palade, v., hallaji, e., razavi-far, r., saif, m.","""https://pureportal.coventry.ac.uk/en/persons/vasile-palade"""
A fullparallel implementation of SelfOrganizing Maps on hardware,https://pureportal.coventry.ac.uk/en/publications/a-full-parallel-implementation-of-self-organizing-maps-on-hardwar,Nov 2021,"gaura, e., dias, l. a., damasceno, a. m. p., fernandes, m. a. c.","""https://pureportal.coventry.ac.uk/en/persons/elena-gaura"""
A hybrid framework for brain tissue segmentation in magnetic resonance images,https://pureportal.coventry.ac.uk/en/publications/a-hybrid-framework-for-brain-tissue-segmentation-in-magnetic-reso,Dec 2021,"palade, v., li, c., sun, j., liu, l.","""https://pureportal.coventry.ac.uk/en/persons/vasile-palade"""
A hybrid framework for detecting and eliminating cyberattacks in power grids,https://pureportal.coventry.ac.uk/en/publications/a-hybrid-framework-for-detecting-and-eliminating-cyber-attacks-in,15 Sep 2021,"palade, v., aflaki, a., gitizadeh, m., razavi-far, r., ghasemi, a. a.","""https://pureportal.coventry.ac.uk/en/persons/vasile-palade"""
A JumpMarkov Regularized Particle Filter for the estimation of ambiguous sensor faults,https://pureportal.coventry.ac.uk/en/publications/a-jump-markov-regularized-particle-filter-for-the-estimation-of-a,14 Apr 2021,"horri, n., brusey, j., iglésis, e., dahia, k., piet-lahanier, h., merlinge, n. j. a.","""https://pureportal.coventry.ac.uk/en/persons/nadjim-horri"", ""https://pureportal.coventry.ac.uk/en/persons/james-brusey"""
Analysis of standalone solar streetlights for improved energy access in displaced settlements,https://pureportal.coventry.ac.uk/en/publications/analysis-of-standalone-solar-streetlights-for-improved-energy-acc,Nov 2021,"nixon, j., halford, a., gaura, e., bhargava, k.","""https://pureportal.coventry.ac.uk/en/persons/jonathan-nixon"", ""https://pureportal.coventry.ac.uk/en/persons/alison-halford"", ""https://pureportal.coventry.ac.uk/en/persons/elena-gaura"""
An Empirical Study of Span Modeling in Science NER,https://pureportal.coventry.ac.uk/en/publications/an-empirical-study-of-span-modeling-in-science-ner,7 Sep 2021,"jiang, x.","""https://pureportal.coventry.ac.uk/en/persons/xiaorui-jiang"""
A New Fuzzy KnowledgeBased Optimisation System for Management of Container Yard Operations,https://pureportal.coventry.ac.uk/en/publications/a-new-fuzzy-knowledge-based-optimisation-system-for-management-of,26 Mar 2021,"al bazi, a., palade, v., abbas, a. h. h. j.","""https://pureportal.coventry.ac.uk/en/persons/ammar-al-bazi"", ""https://pureportal.coventry.ac.uk/en/persons/vasile-palade"""
A New Method for SemiSupervised Segmentation of Satellite Images,https://pureportal.coventry.ac.uk/en/publications/a-new-method-for-semi-supervised-segmentation-of-satellite-images,Mar 2021,"sharifzadeh, s., amiri, s., abdi jalebi, s.","""https://pureportal.coventry.ac.uk/en/persons/sara-sharifzadeh"""
An Improved Fuzzy KnowledgeBased Model For Long Stay Container Yards,https://pureportal.coventry.ac.uk/en/publications/an-improved-fuzzy-knowledge-based-model-for-long-stay-container-y,10 Jun 2021,"al bazi, a., palade, v., al-hadeethi, r., abbas, a.","""https://pureportal.coventry.ac.uk/en/persons/ammar-al-bazi"", ""https://pureportal.coventry.ac.uk/en/persons/vasile-palade"""
A probabilistic predictive model for assessing the economic reusability of loadbearing building components Developing a Circular Economy framework,https://pureportal.coventry.ac.uk/en/publications/a-probabilistic-predictive-model-for-assessing-the-economic-reusa,Jul 2021,"daneshkhah, a., rakhshanbabanari, k., morel, j-c.","""https://pureportal.coventry.ac.uk/en/persons/alireza-daneshkhah"""
A Quaternion Gated Recurrent Unit Neural Network for Sensor Fusion,https://pureportal.coventry.ac.uk/en/publications/a-quaternion-gated-recurrent-unit-neural-network-for-sensor-fusio,9 Mar 2021,"palade, v., christopoulos, s., onyekpe, u. a., kanarachos, s.","""https://pureportal.coventry.ac.uk/en/persons/vasile-palade"", ""https://pureportal.coventry.ac.uk/en/persons/stavros-christopoulos"""
A Review on Collision Avoidance Systems for Unmanned Aerial Vehicles,https://pureportal.coventry.ac.uk/en/publications/a-review-on-collision-avoidance-systems-for-unmanned-aerial-vehic,7 Dec 2021,"yoo, s., dushime, k., nkenyereye, l., song, j. s.","""https://pureportal.coventry.ac.uk/en/persons/seongki-yoo"""
A Time Series Based Study of Correlation Channel Power Imbalance and Diversity Gain in Indoor Distributed Antenna Systems at 60 GHz,https://pureportal.coventry.ac.uk/en/publications/a-time-series-based-study-of-correlation-channel-power-imbalance-,1 Nov 2021,"yoo, s. k., zhang, l., cotton, s., ngo, h., fernandez, m., scanlon, w.","""https://pureportal.coventry.ac.uk/en/persons/seongki-yoo"""
Bispectrumbased Crossfrequency Functional Connectivity A Study of Alzheimers Disease,https://pureportal.coventry.ac.uk/en/publications/bispectrum-based-cross-frequency-functional-connectivity-a-study-,8 Aug 2021,"klepl, d., he, f., wu, m., blackburn, d. j., sarrigiannis, p. g.","""https://pureportal.coventry.ac.uk/en/persons/dominik-klepl"", ""https://pureportal.coventry.ac.uk/en/persons/fei-he"""
Building Capacity HEED Skills Audit and Recommendations  HEED Skills Audit and Recommendations,https://pureportal.coventry.ac.uk/en/publications/building-capacity-heed-skills-audit-and-recommendations-heed-skil,24 Mar 2021,"halford, a.","""https://pureportal.coventry.ac.uk/en/persons/alison-halford"""
Cell site analysis use and reliability of survey methods,https://pureportal.coventry.ac.uk/en/publications/cell-site-analysis-use-and-reliability-of-survey-methods,Sep 2021,"tart, m. s., brodie, i., patrick-gleed, n., edwards, b., weeks, k., moore, r., haseler, r.","""https://pureportal.coventry.ac.uk/en/persons/matthew-stephen-tart"""
Centralised and decentralised sensor fusionbased emergency brake assist,https://pureportal.coventry.ac.uk/en/publications/centralised-and-decentralised-sensor-fusionbased-emergency-brake-,11 Aug 2021,"deo, a., palade, v., huda, m. n.","""https://pureportal.coventry.ac.uk/en/persons/ankur-deo"", ""https://pureportal.coventry.ac.uk/en/persons/vasile-palade"""
Characterising Alzheimers Disease with EEGbased Energy Landscape Analysis,https://pureportal.coventry.ac.uk/en/publications/characterising-alzheimers-disease-with-eeg-based-energy-landscape,19 Feb 2021,"klepl, d., he, f., wu, m., blackburn, d. j., marco, m. d., sarrigiannis, p.","""https://pureportal.coventry.ac.uk/en/persons/dominik-klepl"", ""https://pureportal.coventry.ac.uk/en/persons/fei-he"""
CSICOP Policy Brief 1 How Citizen Science Can Add Value to Investigate Compliance of the General Data Protection Regulation GDPR,https://pureportal.coventry.ac.uk/en/publications/csi-cop-policy-brief-1-how-citizen-science-can-add-value-to-inves,30 Mar 2021,"shah, h.","""https://pureportal.coventry.ac.uk/en/persons/huma-shah"""
CSICOP  Your Right to Privacy Online,https://pureportal.coventry.ac.uk/en/publications/csi-cop-your-right-to-privacy-online,2021,"shah, h., winter, j.","""https://pureportal.coventry.ac.uk/en/persons/huma-shah"", ""https://pureportal.coventry.ac.uk/en/persons/jaimz-winter"""
Deciding the consistency of nonlinear real arithmetic constraints with a conflict driven search using cylindrical algebraic coverings,https://pureportal.coventry.ac.uk/en/publications/deciding-the-consistency-of-non-linear-real-arithmetic-constraint,Feb 2021,"england, m., ábrahám, e., davenport, j. h., kremer, g.","""https://pureportal.coventry.ac.uk/en/persons/matthew-england"""
Diversity collaboratively guided random drift particle swarm optimization,https://pureportal.coventry.ac.uk/en/publications/diversity-collaboratively-guided-random-drift-particle-swarm-opti,13 Jul 2021,"palade, v., li, c., sun, j., li, l-w.","""https://pureportal.coventry.ac.uk/en/persons/vasile-palade"""
DMOQPSO A multiobjective quantumbehaved particle swarm optimization algorithm based on decomposition with diversity control,https://pureportal.coventry.ac.uk/en/publications/dmo-qpso-a-multi-objective-quantum-behaved-particle-swarm-optimiz,16 Aug 2021,"palade, v., you, q., sun, j., pan, f., ahmad, b.","""https://pureportal.coventry.ac.uk/en/persons/vasile-palade"""
Economic Evaluation of Mental Health Effects of Flooding Using Bayesian Networks,https://pureportal.coventry.ac.uk/en/publications/economic-evaluation-of-mental-health-effects-of-flooding-using-ba,13 Jul 2021,"daneshkhah, a., sedighi, t., varga, l., hosseinian-far, a.","""https://pureportal.coventry.ac.uk/en/persons/alireza-daneshkhah"""
Efficient activity recognition using lightweight CNN and DSGRU network for surveillance applications,https://pureportal.coventry.ac.uk/en/publications/efficient-activity-recognition-using-lightweight-cnn-and-ds-gru-n,May 2021,"palade, v., ullah, a., muhammad, k., ding, w., haq, i. u., baik, s. w.","""https://pureportal.coventry.ac.uk/en/persons/vasile-palade"""
EnSuRe Energy  Accuracy Aware Faulttolerant Scheduling on Realtime Heterogeneous Systems,https://pureportal.coventry.ac.uk/en/publications/ensure-energy-amp-accuracy-aware-fault-tolerant-scheduling-on-rea,26 Jul 2021,"kasap, s., saha, s., adetomi, a., zhai, x., ehsan, s., arslan, t., mcdonald-maier, k.","""https://pureportal.coventry.ac.uk/en/persons/server-kasap"""
Evaluation of a Switched Combining Based Distributed Antenna System DAS for PedestriantoVehicle Communications,https://pureportal.coventry.ac.uk/en/publications/evaluation-of-a-switched-combining-based-distributed-antenna-syst,5 Aug 2021,"yoo, s., cotton, s., zhang, l., doone, m., song, j. s., rajbhandari, s.","""https://pureportal.coventry.ac.uk/en/persons/seongki-yoo"""
Finding the Uncomfortable Solution Responsible Innovation in Humanitarian Energy,https://pureportal.coventry.ac.uk/en/publications/finding-the-uncomfortable-solution-responsible-innovation-in-huma,5 Oct 2021,"halford, a., gaura, e., robinson, b.","""https://pureportal.coventry.ac.uk/en/persons/alison-halford"", ""https://pureportal.coventry.ac.uk/en/persons/elena-gaura"""
Generation of Pedestrian Crossing Scenarios Using PedCross Generative Adversarial Network,https://pureportal.coventry.ac.uk/en/publications/generation-of-pedestrian-crossing-scenarios-using-ped-cross-gener,6 Jan 2021,"palade, v., daneshkhah, a., spooner, j. p., cheah, m., kanarachos, s.","""https://pureportal.coventry.ac.uk/en/persons/vasile-palade"", ""https://pureportal.coventry.ac.uk/en/persons/alireza-daneshkhah"""
Generative adversarial networkbased scheme for diagnosing faults in cyberphysical power systems,https://pureportal.coventry.ac.uk/en/publications/generative-adversarial-network-based-scheme-for-diagnosing-faults,30 Jul 2021,"palade, v., hassani, h., razavi-far, r., saif, m.","""https://pureportal.coventry.ac.uk/en/persons/vasile-palade"""
Guest Editorial Special Issue on Deep Representation and Transfer Learning for Smart and Connected Health,https://pureportal.coventry.ac.uk/en/publications/guest-editorial-special-issue-on-deep-representation-and-transfer,4 Feb 2021,"palade, v., wermter, s., ruiz-garcia, a., de padua braga, a., took, c. c.","""https://pureportal.coventry.ac.uk/en/persons/vasile-palade"""
Improving Algebraic Tools to Study Bifurcation Sequences of Population Models,https://pureportal.coventry.ac.uk/en/publications/improving-algebraic-tools-to-study-bifurcation-sequences-of-popul,14 Sep 2021,"sadeghimanesh, a., england, m.","""https://pureportal.coventry.ac.uk/en/persons/amirhosein-sadeghimanesh-sadeghi-manesh"", ""https://pureportal.coventry.ac.uk/en/persons/matthew-england"""
Improving skin cancer classification using heavytailed student tdistribution in generative adversarial networks Tedgan,https://pureportal.coventry.ac.uk/en/publications/improving-skin-cancer-classification-using-heavy-tailed-student-t,19 Nov 2021,"palade, v., ahmad, b., jun, s., you, q., mao, l., zhongjie, m.","""https://pureportal.coventry.ac.uk/en/persons/vasile-palade"""
Investigating the effects of two fragrances on comfort in the automotive context,https://pureportal.coventry.ac.uk/en/publications/investigating-the-effects-of-two-fragrances-on-comfort-in-the-aut,8 Jan 2021,"brusey, j., gentner, a., gradinati, g., favart, c., gyamfi, k. s.","""https://pureportal.coventry.ac.uk/en/persons/james-brusey"""
IoTEnabled Light IntensityControlled Seamless Highway Lighting System,https://pureportal.coventry.ac.uk/en/publications/iot-enabled-light-intensity-controlled-seamless-highway-lighting-,Mar 2021,"kurniawan, i. f., rahman, m. a., asyhari, a. t., obaidat, m. s., mukta, m. y., vijayakumar, p.","""https://pureportal.coventry.ac.uk/en/persons/ibnu-febry-kurniawan"""
IOVNBD Inertial and Odometry benchmark dataset for ground vehicle positioning,https://pureportal.coventry.ac.uk/en/publications/io-vnbd-inertial-and-odometry-benchmark-dataset-for-ground-vehicl-2,Apr 2021,"palade, v., onyekpe, u., kanarachos, s., szkolnik, a.","""https://pureportal.coventry.ac.uk/en/persons/vasile-palade"""
Learning to localise automated vehicles in challenging environments using inertial navigation systems INS,https://pureportal.coventry.ac.uk/en/publications/learning-to-localise-automated-vehicles-in-challenging-environmen,30 Jan 2021,"palade, v., onyekpe, u., kanarachos, s.","""https://pureportal.coventry.ac.uk/en/persons/vasile-palade"""
Learning Uncertainties in Wheel Odometry for Vehicular Localisation in GNSS Deprived Environments,https://pureportal.coventry.ac.uk/en/publications/learning-uncertainties-in-wheel-odometry-for-vehicular-localisati,Feb 2021,"palade, v., christopoulos, s., onyekpe, u. a., kanarachos, s.","""https://pureportal.coventry.ac.uk/en/persons/vasile-palade"", ""https://pureportal.coventry.ac.uk/en/persons/stavros-christopoulos"""
Measuring local sensitivity in Bayesian inference using a new class of metrics,https://pureportal.coventry.ac.uk/en/publications/measuring-local-sensitivity-in-bayesian-inference-using-a-new-cla,16 Sep 2021,"daneshkhah, a., sedighi, t., hosseinian-far, a.","""https://pureportal.coventry.ac.uk/en/persons/alireza-daneshkhah"""
Mobile computing and communicationsdriven fogassisted disaster evacuation techniques for contextaware guidance support A survey,https://pureportal.coventry.ac.uk/en/publications/mobile-computing-and-communications-driven-fog-assisted-disaster-,1 Nov 2021,"kurniawan, i. f., he, f., asyhari, a. t., liu, y.","""https://pureportal.coventry.ac.uk/en/persons/ibnu-febry-kurniawan"", ""https://pureportal.coventry.ac.uk/en/persons/fei-he"""
MSLDOCK MultiSwarm Optimization for Flexible Ligand Docking and Virtual Screening,https://pureportal.coventry.ac.uk/en/publications/msldock-multi-swarm-optimization-for-flexible-ligand-docking-and-,22 Mar 2021,"palade, v., li, c., sun, j.","""https://pureportal.coventry.ac.uk/en/persons/vasile-palade"""
MultiPhase Locking Value A Generalized Method for Determining Instantaneous Multifrequency Phase Coupling,https://pureportal.coventry.ac.uk/en/publications/multi-phase-locking-value-a-generalized-method-for-determining-in,20 Feb 2021,"he, f., yang, y., vasudeva, b., refai, h. h.","""https://pureportal.coventry.ac.uk/en/persons/fei-he"""
Nonlinear Estimation of Sensor Faults With Unknown Dynamics for a Fixed Wing Unmanned Aerial Vehicle,https://pureportal.coventry.ac.uk/en/publications/nonlinear-estimation-of-sensor-faults-with-unknown-dynamics-for-a,19 Jul 2021,"horri, n., brusey, j., iglésis, e., dahia, k., piet-lahanier, h.","""https://pureportal.coventry.ac.uk/en/persons/nadjim-horri"", ""https://pureportal.coventry.ac.uk/en/persons/james-brusey"""
Nonlinear System Identification of Neural Systems from Neurophysiological Signals,https://pureportal.coventry.ac.uk/en/publications/nonlinear-system-identification-of-neural-systems-from-neurophysi-2,15 Mar 2021,"he, f., yang, y.","""https://pureportal.coventry.ac.uk/en/persons/fei-he"""
Novel lockstepbased fault mitigation approach for SoCs with rollback and rollforward recovery,https://pureportal.coventry.ac.uk/en/publications/novel-lockstep-based-fault-mitigation-approach-for-socs-with-roll,Sep 2021,"kasap, s., weber wachter, e., zhai, x., ehsan, s., mcdonald-maier, k.","""https://pureportal.coventry.ac.uk/en/persons/server-kasap"""
Optimising feedstock flowrate to improve the performance of an existing anaerobic digestion system,https://pureportal.coventry.ac.uk/en/publications/optimising-feedstock-flowrate-to-improve-the-performance-of-an-ex,24 Jun 2021,"ashraf, r. j., nixon, j. d., brusey, j.","""https://pureportal.coventry.ac.uk/en/persons/rjaa-jawad-ashraf"", ""https://pureportal.coventry.ac.uk/en/persons/jonathan-nixon"", ""https://pureportal.coventry.ac.uk/en/persons/james-brusey"""
Pedestrian and Vehicle Detection in Autonomous Vehicle Perception SystemsA Review,https://pureportal.coventry.ac.uk/en/publications/pedestrian-and-vehicle-detection-in-autonomous-vehicle-perception,Nov 2021,"palade, v., galvao, l. g., abbod, m., kalganova, t., huda, m. n.","""https://pureportal.coventry.ac.uk/en/persons/vasile-palade"""
Predicting mortality duration of treatment pulmonary embolism and required ceiling of ventilatory support for COVID19 inpatients A MachineLearning Approach,https://pureportal.coventry.ac.uk/en/publications/predicting-mortality-duration-of-treatment-pulmonary-embolism-and,20 Feb 2021,"daneshkhah, a., vepa, a., saleem, a., rakhshanbabanari, k., chatrabgoun, o., sedighi, t.","""https://pureportal.coventry.ac.uk/en/persons/alireza-daneshkhah"""
Predicting the technical reusability of loadbearing building components A probabilistic approach towards developing a Circular Economy framework,https://pureportal.coventry.ac.uk/en/publications/predicting-the-technical-reusability-of-load-bearing-building-com,1 Oct 2021,"daneshkhah, a., rakhshanbabanari, k., morel, j-c.","""https://pureportal.coventry.ac.uk/en/persons/alireza-daneshkhah"""
Proving UNSAT in SMT The Case of Quantifier Free NonLinear Real Arithmetic,https://pureportal.coventry.ac.uk/en/publications/proving-unsat-in-smt-the-case-of-quantifier-free-non-linear-real-,16 Jul 2021,"england, m., ábrahám, e., davenport, j. h., kremer, g.","""https://pureportal.coventry.ac.uk/en/persons/matthew-england"""
Realtime registration of 3D echo to Xray fluoroscopy based on cascading classifiers and image registration,https://pureportal.coventry.ac.uk/en/publications/real-time-registration-of-3d-echo-to-x-ray-fluoroscopy-based-on-c,25 Feb 2021,"ma, y., houston, r. j., fazili, a., rhode, k. s.","""https://pureportal.coventry.ac.uk/en/persons/yingliang-ma"""
Scenario Optimisation and Sensitivity Analysis for Safe Automated Driving Using Gaussian Processes,https://pureportal.coventry.ac.uk/en/publications/scenario-optimisation-and-sensitivity-analysis-for-safe-automated,15 Jan 2021,"daneshkhah, a., palade, v., batsch, f., cheah, m.","""https://pureportal.coventry.ac.uk/en/persons/alireza-daneshkhah"", ""https://pureportal.coventry.ac.uk/en/persons/vasile-palade"""
Security Improvement for Energy Harvesting based Overlay Cognitive Networks with JammingAssisted FullDuplex Destinations,https://pureportal.coventry.ac.uk/en/publications/security-improvement-for-energy-harvesting-based-overlay-cognitiv,1 Nov 2021,"yoo, s., ho-van, k., sofotasios, p., muhaidat, s., cotton, s., brychkov, y. a., dobre, o. a., valkama, m.","""https://pureportal.coventry.ac.uk/en/persons/seongki-yoo"""
Simultaneous Actuator and Sensor Faults Estimation for Aircraft Using a JumpMarkov Regularized Particle Filter,https://pureportal.coventry.ac.uk/en/publications/simultaneous-actuator-and-sensor-faults-estimation-for-aircraft-u,7 Jun 2021,"horri, n., brusey, j., iglésis, e., dahia, k., piet-lahanier, h.","""https://pureportal.coventry.ac.uk/en/persons/nadjim-horri"", ""https://pureportal.coventry.ac.uk/en/persons/james-brusey"""
SSF Smart city Semantics Framework for reusability of semantic data,https://pureportal.coventry.ac.uk/en/publications/ssf-smart-city-semantics-framework-for-reusability-of-semantic-da,7 Dec 2021,"yoo, s., lee, j., jeong, s., song, j. s.","""https://pureportal.coventry.ac.uk/en/persons/seongki-yoo"""
The challenges of communitybased solar energy interventions Lessons from two Rwandan Refugee Camps,https://pureportal.coventry.ac.uk/en/publications/the-challenges-of-community-based-solar-energy-interventions-less,Dec 2021,"nixon, j., halford, a., gaura, e., bhargava, k.","""https://pureportal.coventry.ac.uk/en/persons/jonathan-nixon"", ""https://pureportal.coventry.ac.uk/en/persons/alison-halford"", ""https://pureportal.coventry.ac.uk/en/persons/elena-gaura"""
The DEWCAD project pushing back the doubly exponential wall of cylindrical algebraic decomposition,https://pureportal.coventry.ac.uk/en/publications/the-dewcad-project-pushing-back-the-doubly-exponential-wall-of-cy,Sep 2021,"england, m., sadeghimanesh, a., bradford, r., davenport, j. h., uncu, a.","""https://pureportal.coventry.ac.uk/en/persons/matthew-england"", ""https://pureportal.coventry.ac.uk/en/persons/amirhosein-sadeghimanesh-sadeghi-manesh"""
The Salience of Islam to Muslim Heritage Childrens Experiences of Identity Family and WellBeing in Foster Care,https://pureportal.coventry.ac.uk/en/publications/the-salience-of-islam-to-muslim-heritage-childrens-experiences-of,25 May 2021,"cheruvallil-contractor, s., halford, a., phiri, m. b.","""https://pureportal.coventry.ac.uk/en/persons/sariya-cheruvallil-contractor"", ""https://pureportal.coventry.ac.uk/en/persons/alison-halford"""
Topic modelling in precision medicine with its applications in personalized diabetes management,https://pureportal.coventry.ac.uk/en/publications/topic-modelling-in-precision-medicine-with-its-applications-in-pe,18 Jul 2021,"daneshkhah, a., ni ki, c., hosseinian-far, a., salari, n.","""https://pureportal.coventry.ac.uk/en/persons/alireza-daneshkhah"""
Towards algorithmfree physical equilibrium model of computing,https://pureportal.coventry.ac.uk/en/publications/towards-algorithm-free-physical-equilibrium-model-of-computing,Dec 2021,"mousavi, s.","""https://pureportal.coventry.ac.uk/en/persons/seyed-mousavi-mousavi"""
Unpacking Gender and Sexuality in Contemporary Mormonism,https://pureportal.coventry.ac.uk/en/publications/unpacking-gender-and-sexuality-in-contemporary-mormonism,1 Oct 2021,"halford, a.","""https://pureportal.coventry.ac.uk/en/persons/alison-halford"""
Unsupervised Doppler Radar Based Activity Recognition for eHealthcare,https://pureportal.coventry.ac.uk/en/publications/unsupervised-doppler-radar-based-activity-recognition-for-e-healt,2021,"sharifzadeh, s., karayaneva, y., li, w., jing, y., tan, b.","""https://pureportal.coventry.ac.uk/en/persons/sara-sharifzadeh"""
Using Machine Learning Algorithms to Develop a Clinical DecisionMaking Tool for COVID19 Inpatients,https://pureportal.coventry.ac.uk/en/publications/using-machine-learning-algorithms-to-develop-a-clinical-decision-,9 Jun 2021,"daneshkhah, a., veoa, a., saleem, a., rakhshan, k., sedighi, t., shohaimi, s., omar, a., salari, n., chatrabgoun, o., dharmaraj, d., sami, j., parekh, s., ibrahim, m., raza, m., kapila, p., chakrabarti, p.","""https://pureportal.coventry.ac.uk/en/persons/alireza-daneshkhah"""
WhONet Wheel Odometry neural Network for vehicular localisation in GNSSdeprived environments,https://pureportal.coventry.ac.uk/en/publications/whonet-wheel-odometry-neural-network-for-vehicular-localisation-i,Oct 2021,"palade, v., herath, a., fitzpatrick, m. e., onyekpe, u., kanarachos, s.","""https://pureportal.coventry.ac.uk/en/persons/vasile-palade"", ""https://pureportal.coventry.ac.uk/en/persons/anuradha-herath"", ""https://pureportal.coventry.ac.uk/en/persons/michael-fitzpatrick"""
Working Towards Modern Affordable  Sustainable Energy Systems in the Context of Displacement Recommendations for Researchers and Practitioners,https://pureportal.coventry.ac.uk/en/publications/working-towards-modern-affordable-amp-sustainable-energy-systems-,18 Jan 2021,"halford, a.","""https://pureportal.coventry.ac.uk/en/persons/alison-halford"""
Come Follow Me The Sacralising of the Home and The Guardian of the Family How Do European Women Negotiate the Domestic Space in the Church of Jesus Christ of LatterDay Saints,https://pureportal.coventry.ac.uk/en/publications/come-follow-me-the-sacralising-of-the-home-and-the-guardian-of-th,12 May 2021,"halford, a.","""https://pureportal.coventry.ac.uk/en/persons/alison-halford"""
A Leap from Randomized to Quantum Clustering with Support Vector Machine  A Computation Complexity Analysis,https://pureportal.coventry.ac.uk/en/publications/a-leap-from-randomized-to-quantum-clustering-with-support-vector-,3 Aug 2020,"palade, v., bishwas, a. k., mani, a.","""https://pureportal.coventry.ac.uk/en/persons/vasile-palade"""
A low cost and highly accurate technique for big data spatialtemporal interpolation,https://pureportal.coventry.ac.uk/en/publications/a-low-cost-and-highly-accurate-technique-for-big-data-spatial-tem,1 Jul 2020,"chatrabgoun, o., daneshkhah, a., esmaeilbeigi, m., hosseinian-far, a., montasari, r.","""https://pureportal.coventry.ac.uk/en/persons/omid-chatrabgoun"", ""https://pureportal.coventry.ac.uk/en/persons/alireza-daneshkhah"""
A machine learning based software pipeline to pick the variable ordering for algorithms with polynomial inputs,https://pureportal.coventry.ac.uk/en/publications/a-machine-learning-based-software-pipeline-to-pick-the-variable-o,8 Jul 2020,"england, m., florescu, d.","""https://pureportal.coventry.ac.uk/en/persons/matthew-england"""
A new hardware approach to selforganizing maps,https://pureportal.coventry.ac.uk/en/publications/a-new-hardware-approach-to-self-organizing-maps,31 Jul 2020,"gaura, e., dias, l. a., coutinho, m. g. f., fernandes, m. a. c.","""https://pureportal.coventry.ac.uk/en/persons/elena-gaura"""
A scalable hybrid MAC strategy for trafficdifferentiated IoTenabled intravehicular networks,https://pureportal.coventry.ac.uk/en/publications/a-scalable-hybrid-mac-strategy-for-traffic-differentiated-iot-ena,1 May 2020,"kurniawan, i. f., rahman, m. a., asyhari, a. t., ali, m. j., rahman, m. m., karim, m.","""https://pureportal.coventry.ac.uk/en/persons/ibnu-febry-kurniawan"""
Behavioural Analytics A Preventative Means for the Future of Policing,https://pureportal.coventry.ac.uk/en/publications/behavioural-analytics-a-preventative-means-for-the-future-of-poli,17 Jul 2020,"daneshkhah, a., jahankhani, h., forouzan, h., montasari, r., hosseinian-far, a.","""https://pureportal.coventry.ac.uk/en/persons/alireza-daneshkhah"""
Constructing gene regulatory networks from microarray data using nonGaussian paircopula Bayesian networks,https://pureportal.coventry.ac.uk/en/publications/constructing-gene-regulatory-networks-from-microarray-data-using-,24 Jul 2020,"chatrabgoun, o., daneshkhah, a., hosseinian-far, a.","""https://pureportal.coventry.ac.uk/en/persons/omid-chatrabgoun"", ""https://pureportal.coventry.ac.uk/en/persons/alireza-daneshkhah"""
Contemporary Issues for the Church of Jesus Christ of Latterday Saints in Ireland and the United Kingdom,https://pureportal.coventry.ac.uk/en/publications/contemporary-issues-for-the-church-of-jesus-christ-of-latter-day-,29 Nov 2020,"halford, a., o'brien, h.","""https://pureportal.coventry.ac.uk/en/persons/alison-halford"""
Copulabased probabilistic assessment of intensity and duration of cold episodes A case study of Malayer vineyard region,https://pureportal.coventry.ac.uk/en/publications/copula-based-probabilistic-assessment-of-intensity-and-duration-o,15 Dec 2020,"chatrabgoun, o., daneshkhah, a., karimi, r., abolfathi, s., nouri, h., esmaeilbeigi, m.","""https://pureportal.coventry.ac.uk/en/persons/omid-chatrabgoun"", ""https://pureportal.coventry.ac.uk/en/persons/alireza-daneshkhah"""
Digital Twin Technologies and Smart Cities,https://pureportal.coventry.ac.uk/en/publications/digital-twin-technologies-and-smart-cities,2020,"daneshkhah, a. (ed.), farsi, m. (ed.), hosseinian-far, a. (ed.), jahankhani, h. (ed.)","""https://pureportal.coventry.ac.uk/en/persons/alireza-daneshkhah"""
Effective Capacity Analysis over Generalized Composite Fading Channels,https://pureportal.coventry.ac.uk/en/publications/effective-capacity-analysis-over-generalized-composite-fading-cha,17 Jun 2020,"yoo, s. k., cotton, s., sofotasios, p., muhaidat, s., karagiannidis, g.","""https://pureportal.coventry.ac.uk/en/persons/seongki-yoo"""
Energy Optimization on Joint Task Computation Using Genetic Algorithm,https://pureportal.coventry.ac.uk/en/publications/energy-optimization-on-joint-task-computation-using-genetic-algor,21 Dec 2020,"kurniawan, i. f., he, f., asyhari, t.","""https://pureportal.coventry.ac.uk/en/persons/ibnu-febry-kurniawan"", ""https://pureportal.coventry.ac.uk/en/persons/fei-he"""
Evaluating assumptions of scales for subjective assessment of thermal environments  Do laypersons perceive them the way we researchers believe,https://pureportal.coventry.ac.uk/en/publications/evaluating-assumptions-of-scales-for-subjective-assessment-of-the,15 Mar 2020,"montazami, a.","""https://pureportal.coventry.ac.uk/en/persons/azadeh-montazami"""
Farm Area Segmentation in Satellite Images Using DeepLabv3 Neural Networks,https://pureportal.coventry.ac.uk/en/publications/farm-area-segmentation-in-satellite-images-using-deeplabv3-neural,30 Jul 2020,"sharifzadeh, s., tata, j., sharifzadeh, h., tan, b.","""https://pureportal.coventry.ac.uk/en/persons/sara-sharifzadeh"""
Generation of pedestrian pose structures using generative adversarial networks,https://pureportal.coventry.ac.uk/en/publications/generation-of-pedestrian-pose-structures-using-generative-adversa,17 Feb 2020,"palade, v., daneshkhah, a., spooner, j., cheah, m., kanarachos, s.","""https://pureportal.coventry.ac.uk/en/persons/vasile-palade"", ""https://pureportal.coventry.ac.uk/en/persons/alireza-daneshkhah"""
Indoor Visible Light Communication A Tutorial and Survey,https://pureportal.coventry.ac.uk/en/publications/indoor-visible-light-communication-a-tutorial-and-survey,11 Dec 2020,"khan, a. s., allycan mapunda, g., ramogomana, r., marata, l., basutli, b., monamati chuma, j.","""https://pureportal.coventry.ac.uk/en/persons/amjad-saeed-khan"""
IOVNBD Inertial and Odometry Benchmark Dataset for Ground Vehicle Positioning,https://pureportal.coventry.ac.uk/en/publications/io-vnbd-inertial-and-odometry-benchmark-dataset-for-ground-vehicl,4 May 2020,"palade, v., onyekpe, u., kanarachos, s., szkolnik, a.","""https://pureportal.coventry.ac.uk/en/persons/vasile-palade"""
Nonlinear System Identification of Neural Systems from Neurophysiological Signals,https://pureportal.coventry.ac.uk/en/publications/nonlinear-system-identification-of-neural-systems-from-neurophysi,Aug 2020,"he, f., yang, y.","""https://pureportal.coventry.ac.uk/en/persons/fei-he"""
On Shadowing the κμ Fading Model,https://pureportal.coventry.ac.uk/en/publications/on-shadowing-the-%CE%BA-%CE%BC-fading-model,29 Jul 2020,"yoo, s. k., simmons, n., nogueira da silva, c. r., cotton, s., sofotasios, p., yacoub, m.","""https://pureportal.coventry.ac.uk/en/persons/seongki-yoo"""
On the functional central limit theorem for first passage time of nonlinear semiMarkov reward processes,https://pureportal.coventry.ac.uk/en/publications/on-the-functional-central-limit-theorem-for-first-passage-time-of,1 Oct 2020,"daneshkhah, a., chatrabgoun, o., university, s.","""https://pureportal.coventry.ac.uk/en/persons/alireza-daneshkhah"""
Opinion evidence in Cell Site Analysis,https://pureportal.coventry.ac.uk/en/publications/opinion-evidence-in-cell-site-analysis,Jul 2020,"tart, m. s.","""https://pureportal.coventry.ac.uk/en/persons/matthew-stephen-tart"""
Some Computational Considerations for KernelBased Support Vector Machine,https://pureportal.coventry.ac.uk/en/publications/some-computational-considerations-for-kernel-based-support-vector,2020,"daneshkhah, a., esmaeilbeigi, m., chatrabgoun, o.","""https://pureportal.coventry.ac.uk/en/persons/alireza-daneshkhah"""
The empty womb the unanswered prayer Female Infertility and involuntary childlessness in British Mormon communities,https://pureportal.coventry.ac.uk/en/publications/the-empty-womb-the-unanswered-prayer-female-infertility-and-invol,28 Dec 2020,"halford, a.","""https://pureportal.coventry.ac.uk/en/persons/alison-halford"""
The impact of physical exercise on the fatigue symptoms in patients with multiple sclerosis A systematic review and metaanalysis,https://pureportal.coventry.ac.uk/en/publications/the-impact-of-physical-exercise-on-the-fatigue-symptoms-in-patien,13 Mar 2020,"daneshkhah, a., razazian, n., kazeminia, m., moayedi, h., shohaimi, s., mohammadi, m., jalali, r., salari, n.","""https://pureportal.coventry.ac.uk/en/persons/alireza-daneshkhah"""
The influence of acclimatization age and genderrelated differences on thermal perception in university buildings case studies in Scotland and England,https://pureportal.coventry.ac.uk/en/publications/the-influence-of-acclimatization-age-and-gender-related-differenc,15 Jul 2020,"brusey, j., montazami, a., jowkar, m., rijal, h. b., temeljotov-salaj, a.","""https://pureportal.coventry.ac.uk/en/persons/james-brusey"", ""https://pureportal.coventry.ac.uk/en/persons/azadeh-montazami"""
The prevalence of Restless Legs SyndromeWillisekbom disease RLSWED in the third trimester of pregnancy a systematic review,https://pureportal.coventry.ac.uk/en/publications/the-prevalence-of-restless-legs-syndromewillis-ekbom-disease-rlsw,13 Apr 2020,"daneshkhah, a., darvishi, n., khaledi-paveh, b., vaisi-raygani, a., mohammadi, m., salari, n., darvishi, f., abdi, a., jalali, r.","""https://pureportal.coventry.ac.uk/en/persons/alireza-daneshkhah"""
The prevalence of severe depression in Iranian older adult a metaanalysis and metaregression,https://pureportal.coventry.ac.uk/en/publications/the-prevalence-of-severe-depression-in-iranian-older-adult-a-meta,3 Feb 2020,"daneshkhah, a., salari, n., mohammadi, m., vaisi-raygani, a., abdi, a., shohaimi, s., khaledipaveh, b., jalali, r.","""https://pureportal.coventry.ac.uk/en/persons/alireza-daneshkhah"""
The prevalence of sleep disturbances among physicians and nurses facing the COVID19 patients a systematic review and metaanalysis,https://pureportal.coventry.ac.uk/en/publications/the-prevalence-of-sleep-disturbances-among-physicians-and-nurses-,29 Sep 2020,"daneshkhah, a., salari, n., khazaie, h., hosseinian-far, a., ghasemi, h., mohammadi, m., shohaimi, s., khaledi-paveh, b., hosseinian-far, m.","""https://pureportal.coventry.ac.uk/en/persons/alireza-daneshkhah"""
The prevalence of stress anxiety and depression within frontline healthcare workers caring for COVID19 patients a systematic review and metaregression,https://pureportal.coventry.ac.uk/en/publications/the-prevalence-of-stress-anxiety-and-depression-within-front-line,17 Dec 2020,"daneshkhah, a., salari, n., khazaie, h., hosseinian-far, a., khaledi-paveh, b., kazeminia, m., mohammadi, m., shohaimi, s., eskandari, s.","""https://pureportal.coventry.ac.uk/en/persons/alireza-daneshkhah"""
Understanding Household Fuel Choice Behaviour in the Amazonas State Brazil Effects of Validation and Feature Selection,https://pureportal.coventry.ac.uk/en/publications/understanding-household-fuel-choice-behaviour-in-the-amazonas-sta,28 Jul 2020,"gaura, e., brusey, j., gyamfi, k. s., trindade, a. b., verba, n.","""https://pureportal.coventry.ac.uk/en/persons/elena-gaura"", ""https://pureportal.coventry.ac.uk/en/persons/james-brusey"""
Vehicular localisation at high and low estimation rates during gnss outages A deep learning approach,https://pureportal.coventry.ac.uk/en/publications/vehicular-localisation-at-high-and-low-estimation-rates-during-gn,25 Sep 2020,"palade, v., christopoulos, s. r. g., onyekpe, u., kanarachos, s.","""https://pureportal.coventry.ac.uk/en/persons/vasile-palade"", ""https://pureportal.coventry.ac.uk/en/persons/stavros-christopoulos"""
Cell site analysis Roles and interpretation,https://pureportal.coventry.ac.uk/en/publications/cell-site-analysis-roles-and-interpretation,28 Aug 2019,"tart, m. s., bird, r., baldwin, d., pope, s.","""https://pureportal.coventry.ac.uk/en/persons/matthew-stephen-tart"""
Mass transpiration in magnetohydrodynamic boundary layer flow over a superlinear stretching sheet embedded in porous medium with slip,https://pureportal.coventry.ac.uk/en/publications/mass-transpiration-in-magneto-hydrodynamic-boundary-layer-flow-ov,1 Jan 2019,"daneshkhah, a., vinay kumar, p. n., mahabaleshwar, u. s., nagaraju, k. r., mousavi nezhad, m.","""https://pureportal.coventry.ac.uk/en/persons/alireza-daneshkhah"""
Remote sensing technologies and energy applications in refugee camps,https://pureportal.coventry.ac.uk/en/publications/remote-sensing-technologies-and-energy-applications-in-refugee-ca,1 Jan 2019,"nixon, j. d., gaura, e.","""https://pureportal.coventry.ac.uk/en/persons/jonathan-nixon"", ""https://pureportal.coventry.ac.uk/en/persons/elena-gaura"""
Spontaneous Fruit Fly Optimisation for truss weight minimisation Performance evaluation based on the no free lunch theorem,https://pureportal.coventry.ac.uk/en/publications/spontaneous-fruit-fly-optimisation-for-truss-weight-minimisation-,24 Sep 2019,"fitzpatrick, m. e., onyekpe, u., kanarachos, s.","""https://pureportal.coventry.ac.uk/en/persons/michael-fitzpatrick"""
Algebraic tools in the study of Multistationarity of Chemical Reaction Networks,https://pureportal.coventry.ac.uk/en/publications/algebraic-tools-in-the-study-of-multistationarity-of-chemical-rea,Oct 2018,"sadeghimanesh, a.","""https://pureportal.coventry.ac.uk/en/persons/amirhosein-sadeghimanesh-sadeghi-manesh"""
Among the last ones to leave Understanding the Journeys of Muslim Children in the Care System in England,https://pureportal.coventry.ac.uk/en/publications/among-the-last-ones-to-leave-understanding-the-journeys-of-muslim,2018,"cheruvallil-contractor, s., halford, a., boti phiri, m. j., de souza, s.","""https://pureportal.coventry.ac.uk/en/persons/sariya-cheruvallil-contractor"", ""https://pureportal.coventry.ac.uk/en/persons/alison-halford"""
Discrete Weighted Exponential Distribution of the Second Type Properties and Applications,https://pureportal.coventry.ac.uk/en/publications/discrete-weighted-exponential-distribution-of-the-second-type-pro,2018,"chatrabgoun, o., daneshkhah, a., rasekhi, m.","""https://pureportal.coventry.ac.uk/en/persons/omid-chatrabgoun"", ""https://pureportal.coventry.ac.uk/en/persons/alireza-daneshkhah"""
hpt 一种鼓励质量平衡产量的 h 型指数,https://pureportal.coventry.ac.uk/en/publications/hpt-an-h-type-index-encouraging-quality-and-balancing-productivit,Jan 2017,"jiang, x.","""https://pureportal.coventry.ac.uk/en/persons/xiaorui-jiang"""
基于城市群的空气质量数据的可视分析方法研究,https://pureportal.coventry.ac.uk/en/publications/urban-agglomerations-based-visual-analysis-of-air-quality-data,15 Mar 2017,"jiang, x., sun, g., hu, y., jiang, l., liang, r.","""https://pureportal.coventry.ac.uk/en/persons/xiaorui-jiang"""
Major Differences of Cloud Computing Adoption in Universities Europe vs Middle East,https://pureportal.coventry.ac.uk/en/publications/major-differences-of-cloud-computing-adoption-in-universities-eur-2,Dec 2014,"warwick, k., odeh, m., cadenas, o.","""https://pureportal.coventry.ac.uk/en/persons/kevin-warwick"""
Extraction of cardiac and respiratory motion information from cardiac xray fluoroscopy images using hierarchical manifold learning,https://pureportal.coventry.ac.uk/en/publications/extraction-of-cardiac-and-respiratory-motion-information-from-car,2013,"ma, y., panayiotou, m., king, a. p., bhatia, k. k., housden, r. j., rinaldi, c. a., gill, j. s., cooklin, m., o'neill, m., rhode, k. s.","""https://pureportal.coventry.ac.uk/en/persons/yingliang-ma"""
Infarct Segmentation Challenge on Delayed Enhancement MRI of the Left Ventricle,https://pureportal.coventry.ac.uk/en/publications/infarct-segmentation-challenge-on-delayed-enhancement-mri-of-the-,2013,"ma, y., karim, r., claus, p., chen, z., housden, r. j., obom, s., gill, h., acheampong, p., o'neill, m., razavi, r., rhode, k. s.","""https://pureportal.coventry.ac.uk/en/persons/yingliang-ma"""
RealTime Catheter Extraction from 2D XRay Fluoroscopic and 3D Echocardiographic Images for Cardiac Interventions,https://pureportal.coventry.ac.uk/en/publications/real-time-catheter-extraction-from-2d-x-ray-fluoroscopic-and-3d-e,2013,"ma, y., wu, x., housden, j., rueckert, d., rhode, k. s.","""https://pureportal.coventry.ac.uk/en/persons/yingliang-ma"""
Adding Logical Operators to Tree Pattern Queries onGraphStructured Data,https://pureportal.coventry.ac.uk/en/publications/adding-logical-operators-to-tree-pattern-queries-ongraph-structur,Aug 2012,"jiang, x., zeng, q., zhuge, h.","""https://pureportal.coventry.ac.uk/en/persons/xiaorui-jiang"""
